antecedents,consequents,antecedent support,consequent support,support,confidence,lift,representativity,leverage,conviction,zhangs_metric,jaccard,certainty,kulczynski
frozenset({'WOODEN HEART CHRISTMAS SCANDINAVIAN'}),frozenset({'WOODEN STAR CHRISTMAS SCANDINAVIAN'}),0.028766976793925782,0.027376751149609666,0.020746444230563574,0.7211895910780669,26.343140102230485,1.0,0.019958897865549673,3.488475385876733,0.9905341255048505,0.5861027190332325,0.7133418214591538,0.7395010455390334
frozenset({'WOODEN STAR CHRISTMAS SCANDINAVIAN'}),frozenset({'WOODEN HEART CHRISTMAS SCANDINAVIAN'}),0.027376751149609666,0.028766976793925782,0.020746444230563574,0.7578125,26.343140102230485,1.0,0.019958897865549673,4.010252482915403,0.9891182988273834,0.5861027190332325,0.7506391419841445,0.7395010455390334
"frozenset({'GREEN REGENCY TEACUP AND SAUCER', 'ROSES REGENCY TEACUP AND SAUCER '})",frozenset({'PINK REGENCY TEACUP AND SAUCER'}),0.04101165650732542,0.04090471607314726,0.028927387445193027,0.7053455019556715,17.24362297722218,1.0,0.027249817280071437,3.2549826671322837,0.98229301023876,0.5459132189707365,0.6927787019889038,0.7062675222196657
frozenset({'PINK REGENCY TEACUP AND SAUCER'}),"frozenset({'GREEN REGENCY TEACUP AND SAUCER', 'ROSES REGENCY TEACUP AND SAUCER '})",0.04090471607314726,0.04101165650732542,0.028927387445193027,0.7071895424836601,17.243622977222177,1.0,0.027249817280071437,3.275116440945964,0.9821834832264126,0.5459132189707365,0.6946673444956459,0.7062675222196657
frozenset({'GREEN REGENCY TEACUP AND SAUCER'}),"frozenset({'PINK REGENCY TEACUP AND SAUCER', 'ROSES REGENCY TEACUP AND SAUCER '})",0.054165329911239436,0.031975189819270666,0.028927387445193027,0.5340572556762093,16.70223878872319,1.0,0.027195440739657725,2.0775617218497437,0.9939662994295879,0.5056074766355141,0.5186665264945022,0.7193697649618505
"frozenset({'PINK REGENCY TEACUP AND SAUCER', 'ROSES REGENCY TEACUP AND SAUCER '})",frozenset({'GREEN REGENCY TEACUP AND SAUCER'}),0.031975189819270666,0.054165329911239436,0.028927387445193027,0.9046822742474916,16.702238788723186,1.0,0.027195440739657725,9.922967240580325,0.9711814997022745,0.5056074766355141,0.8992236922933229,0.7193697649618505
frozenset({'GREEN REGENCY TEACUP AND SAUCER'}),frozenset({'PINK REGENCY TEACUP AND SAUCER'}),0.054165329911239436,0.04090471607314726,0.03379317720029943,0.6238894373149062,15.252261773416176,1.0,0.03157755975927183,2.5500354924354376,0.9879485105167984,0.5514834205933681,0.6078485954542775,0.7250166140822896
frozenset({'PINK REGENCY TEACUP AND SAUCER'}),frozenset({'GREEN REGENCY TEACUP AND SAUCER'}),0.04090471607314726,0.054165329911239436,0.03379317720029943,0.826143790849673,15.252261773416176,1.0,0.03157755975927183,5.44032723772858,0.9742889670809861,0.5514834205933681,0.8161875276426358,0.7250166140822896
frozenset({'ROSES REGENCY TEACUP AND SAUCER '}),"frozenset({'GREEN REGENCY TEACUP AND SAUCER', 'PINK REGENCY TEACUP AND SAUCER'})",0.05694578119987167,0.03379317720029943,0.028927387445193027,0.507981220657277,15.032064539133538,1.0,0.027003008570296284,1.96376005015588,0.9898429165622556,0.4679930795847751,0.49077281619991114,0.6819969394425626
"frozenset({'GREEN REGENCY TEACUP AND SAUCER', 'PINK REGENCY TEACUP AND SAUCER'})",frozenset({'ROSES REGENCY TEACUP AND SAUCER '}),0.03379317720029943,0.05694578119987167,0.028927387445193027,0.8560126582278481,15.032064539133536,1.0,0.027003008570296284,6.54956336573276,0.9661239357724684,0.4679930795847751,0.8473180662344625,0.6819969394425626
frozenset({'GARDENERS KNEELING PAD KEEP CALM '}),frozenset({'GARDENERS KNEELING PAD CUP OF TEA '}),0.0488183082023313,0.04053042455352369,0.029194738530638434,0.5980284775465499,14.755050906432158,1.0,0.02721611177321318,2.386909325293278,0.9800720575356587,0.4853333333333333,0.5810481825164721,0.6591725501189214
frozenset({'GARDENERS KNEELING PAD CUP OF TEA '}),frozenset({'GARDENERS KNEELING PAD KEEP CALM '}),0.04053042455352369,0.0488183082023313,0.029194738530638434,0.7203166226912928,14.755050906432155,1.0,0.02721611177321318,3.4009232187860032,0.9716062099588627,0.4853333333333333,0.7059621944781921,0.6591725501189214
"frozenset({'REGENCY CAKESTAND 3 TIER', 'ROSES REGENCY TEACUP AND SAUCER '})",frozenset({'GREEN REGENCY TEACUP AND SAUCER'}),0.028071863971767724,0.054165329911239436,0.021815848572345205,0.7771428571428572,14.347606825553521,1.0,0.02029532679909097,4.244129929885466,0.9571715548738062,0.361061946902655,0.7643804462821933,0.5899534621351009
frozenset({'GREEN REGENCY TEACUP AND SAUCER'}),"frozenset({'REGENCY CAKESTAND 3 TIER', 'ROSES REGENCY TEACUP AND SAUCER '})",0.054165329911239436,0.028071863971767724,0.021815848572345205,0.4027640671273446,14.347606825553521,1.0,0.02029532679909097,1.6273771930522303,0.983577780142528,0.361061946902655,0.3855143083795785,0.5899534621351009
frozenset({'ROSES REGENCY TEACUP AND SAUCER '}),"frozenset({'GREEN REGENCY TEACUP AND SAUCER', 'REGENCY CAKESTAND 3 TIER'})",0.05694578119987167,0.027216340498342425,0.021815848572345205,0.3830985915492958,14.076050803840728,1.0,0.02026599280126539,1.5768867539867053,0.9850518962475279,0.3499142367066896,0.3658390512370104,0.5923351503915437
"frozenset({'GREEN REGENCY TEACUP AND SAUCER', 'REGENCY CAKESTAND 3 TIER'})",frozenset({'ROSES REGENCY TEACUP AND SAUCER '}),0.027216340498342425,0.05694578119987167,0.021815848572345205,0.8015717092337917,14.076050803840726,1.0,0.02026599280126539,4.7526197759333195,0.9549475234495491,0.3499142367066896,0.7895897321591185,0.5923351503915437
frozenset({'ROSES REGENCY TEACUP AND SAUCER '}),frozenset({'PINK REGENCY TEACUP AND SAUCER'}),0.05694578119987167,0.04090471607314726,0.031975189819270666,0.5615023474178404,13.727080916873792,1.0,0.02964583880772635,2.1872301442871485,0.9831367926540872,0.4853896103896104,0.5428007415626054,0.6716008469115347
frozenset({'PINK REGENCY TEACUP AND SAUCER'}),frozenset({'ROSES REGENCY TEACUP AND SAUCER '}),0.04090471607314726,0.05694578119987167,0.031975189819270666,0.7816993464052288,13.727080916873792,1.0,0.02964583880772635,4.31997890647963,0.9666936283681851,0.4853896103896104,0.7685173882446328,0.6716008469115347
frozenset({'ROSES REGENCY TEACUP AND SAUCER '}),frozenset({'GREEN REGENCY TEACUP AND SAUCER'}),0.05694578119987167,0.054165329911239436,0.04101165650732542,0.72018779342723,13.296102776580511,1.0,0.03792716948158111,3.3802480659212417,0.9806328981704708,0.5850495804729214,0.7041637239344257,0.7386723764766949
frozenset({'GREEN REGENCY TEACUP AND SAUCER'}),frozenset({'ROSES REGENCY TEACUP AND SAUCER '}),0.054165329911239436,0.05694578119987167,0.04101165650732542,0.7571569595261599,13.29610277658051,1.0,0.03792716948158111,3.883389933514349,0.9777501512257671,0.5850495804729214,0.7424930235900801,0.7386723764766949
frozenset({'STRAWBERRY CHARLOTTE BAG'}),frozenset({'CHARLOTTE BAG PINK POLKADOT'}),0.03860549673831676,0.039674901080098385,0.020265212276761844,0.5249307479224377,13.230801681462843,1.0,0.018733543012521066,2.0214423365019503,0.9615395000601664,0.3493087557603686,0.5053037220292556,0.5178562095407336
frozenset({'CHARLOTTE BAG PINK POLKADOT'}),frozenset({'STRAWBERRY CHARLOTTE BAG'}),0.039674901080098385,0.03860549673831676,0.020265212276761844,0.5107816711590296,13.230801681462841,1.0,0.018733543012521066,1.9651645218186473,0.962610256741748,0.3493087557603686,0.4911367527261497,0.5178562095407336
frozenset({'DOLLY GIRL LUNCH BOX'}),frozenset({'SPACEBOY LUNCH BOX '}),0.045449684525719174,0.04812319538017324,0.028766976793925782,0.6329411764705882,13.152517647058824,1.0,0.026579792745527363,2.593254115150169,0.9679625204177763,0.44389438943894394,0.6143841075358354,0.615359477124183
frozenset({'SPACEBOY LUNCH BOX '}),frozenset({'DOLLY GIRL LUNCH BOX'}),0.04812319538017324,0.045449684525719174,0.028766976793925782,0.5977777777777777,13.152517647058822,1.0,0.026579792745527363,2.373191392063129,0.970681210790818,0.44389438943894394,0.5786264844275151,0.615359477124183
frozenset({'JUMBO BAG PEARS'}),frozenset({'JUMBO BAG APPLES'}),0.031814779168003425,0.05229387231312159,0.02170890813816704,0.6823529411764705,13.048430169613857,1.0,0.020045190138685307,2.983519290866098,0.9537043208665729,0.34790059982862037,0.6648253614241905,0.5487429327559243
frozenset({'JUMBO BAG APPLES'}),frozenset({'JUMBO BAG PEARS'}),0.05229387231312159,0.031814779168003425,0.02170890813816704,0.4151329243353783,13.048430169613855,1.0,0.020045190138685307,1.65539361184212,0.9743130296733825,0.34790059982862037,0.3959140636726264,0.5487429327559243
frozenset({'CHOCOLATE HOT WATER BOTTLE'}),frozenset({'HOT WATER BOTTLE I AM SO POORLY'}),0.04587744626243183,0.03512993262752647,0.020960325098919902,0.45687645687645684,13.005332566976401,1.0,0.019348653502597707,1.7765204244754982,0.9674946474891235,0.3490650044523598,0.437101883984677,0.5267639514214857
frozenset({'HOT WATER BOTTLE I AM SO POORLY'}),frozenset({'CHOCOLATE HOT WATER BOTTLE'}),0.03512993262752647,0.04587744626243183,0.020960325098919902,0.5966514459665144,13.005332566976401,1.0,0.019348653502597707,2.365503840775782,0.9567178991297268,0.3490650044523598,0.5772570803892486,0.5267639514214857
frozenset({'RED RETROSPOT CHARLOTTE BAG'}),frozenset({'CHARLOTTE BAG PINK POLKADOT'}),0.05518126403593199,0.039674901080098385,0.02791145332050048,0.5058139534883721,12.74896571177835,1.0,0.025722142128400086,1.9432460825202715,0.9753852558723467,0.41693290734824273,0.48539713575387167,0.6046589983075283
frozenset({'CHARLOTTE BAG PINK POLKADOT'}),frozenset({'RED RETROSPOT CHARLOTTE BAG'}),0.039674901080098385,0.05518126403593199,0.02791145332050048,0.7035040431266846,12.748965711778348,1.0,0.025722142128400086,3.18661591856972,0.9596357166628267,0.41693290734824273,0.6861874711123518,0.6046589983075283
frozenset({'WOODLAND CHARLOTTE BAG'}),frozenset({'STRAWBERRY CHARLOTTE BAG'}),0.04454069083520479,0.03860549673831676,0.02170890813816704,0.48739495798319327,12.62501454875579,1.0,0.019989392643406167,1.8755073096416446,0.9637167817121156,0.3533507397737162,0.466810929043475,0.5248609138946437
frozenset({'STRAWBERRY CHARLOTTE BAG'}),frozenset({'WOODLAND CHARLOTTE BAG'}),0.03860549673831676,0.04454069083520479,0.02170890813816704,0.5623268698060941,12.62501454875579,1.0,0.019989392643406167,2.1830431051170316,0.9577672509685091,0.3533507397737162,0.5419238412397769,0.5248609138946437
frozenset({'STRAWBERRY CHARLOTTE BAG'}),frozenset({'RED RETROSPOT CHARLOTTE BAG'}),0.03860549673831676,0.05518126403593199,0.02598652550529355,0.6731301939058171,12.198527990723441,1.0,0.023856225396538182,2.8905047769748173,0.9548867740562216,0.3832807570977918,0.6540396653325744,0.5720302132319783
frozenset({'RED RETROSPOT CHARLOTTE BAG'}),frozenset({'STRAWBERRY CHARLOTTE BAG'}),0.05518126403593199,0.03860549673831676,0.02598652550529355,0.4709302325581395,12.198527990723441,1.0,0.023856225396538182,1.8171412589121925,0.9716391736010674,0.3832807570977918,0.449685050572988,0.5720302132319783
frozenset({'CHARLOTTE BAG SUKI DESIGN'}),frozenset({'STRAWBERRY CHARLOTTE BAG'}),0.04716073147256978,0.03860549673831676,0.022190140091968773,0.47052154195011336,12.187941658657923,1.0,0.020369476626927847,1.8157386549824512,0.9633856638675916,0.3490328006728344,0.4492599486958298,0.5226568928587132
frozenset({'STRAWBERRY CHARLOTTE BAG'}),frozenset({'CHARLOTTE BAG SUKI DESIGN'}),0.03860549673831676,0.04716073147256978,0.022190140091968773,0.574792243767313,12.187941658657921,1.0,0.020369476626927847,2.240879322074282,0.9548127102402937,0.3490328006728344,0.5537466073477153,0.5226568928587132
frozenset({'WOODLAND CHARLOTTE BAG'}),frozenset({'CHARLOTTE BAG PINK POLKADOT'}),0.04454069083520479,0.039674901080098385,0.021120735750187147,0.4741896758703482,11.951880482651283,1.0,0.01935358824726115,1.8263717063933291,0.959047809975695,0.33474576271186446,0.4524663317442791,0.5032673446737186
frozenset({'CHARLOTTE BAG PINK POLKADOT'}),frozenset({'WOODLAND CHARLOTTE BAG'}),0.039674901080098385,0.04454069083520479,0.021120735750187147,0.532345013477089,11.951880482651282,1.0,0.01935358824726115,2.0430859002889856,0.9541884920075554,0.33474576271186446,0.5105443193266841,0.5032673446737186
frozenset({'CHARLOTTE BAG SUKI DESIGN'}),frozenset({'CHARLOTTE BAG PINK POLKADOT'}),0.04716073147256978,0.039674901080098385,0.021922789006523367,0.46485260770975056,11.716541063864899,1.0,0.02005169165048408,1.794505799252867,0.9599211628479922,0.33772652388797364,0.44274351165856096,0.50870662730501
frozenset({'CHARLOTTE BAG PINK POLKADOT'}),frozenset({'CHARLOTTE BAG SUKI DESIGN'}),0.039674901080098385,0.04716073147256978,0.021922789006523367,0.5525606469002695,11.716541063864899,1.0,0.02005169165048408,2.1295383652028708,0.952438481177685,0.33772652388797364,0.5304146587165455,0.50870662730501
frozenset({'ALARM CLOCK BAKELIKE GREEN'}),frozenset({'ALARM CLOCK BAKELIKE RED '}),0.052400812747299755,0.05619719816062453,0.034220938937012085,0.653061224489796,11.620885842443544,1.0,0.0312761600792743,2.7203727817723182,0.9644879951472746,0.4601006470165349,0.6324033210814212,0.6310025437387135
frozenset({'ALARM CLOCK BAKELIKE RED '}),frozenset({'ALARM CLOCK BAKELIKE GREEN'}),0.05619719816062453,0.052400812747299755,0.034220938937012085,0.6089438629876308,11.620885842443542,1.0,0.0312761600792743,2.4231794301766127,0.9683675854059259,0.4601006470165349,0.5873190455701767,0.6310025437387135
frozenset({'CHARLOTTE BAG SUKI DESIGN'}),frozenset({'WOODLAND CHARLOTTE BAG'}),0.04716073147256978,0.04454069083520479,0.02438241899262111,0.5170068027210885,11.607516475978148,1.0,0.02228184743253927,1.9782044851721816,0.9590798334219388,0.3621922160444798,0.4944910864899993,0.5322128851540616
frozenset({'WOODLAND CHARLOTTE BAG'}),frozenset({'CHARLOTTE BAG SUKI DESIGN'}),0.04454069083520479,0.04716073147256978,0.02438241899262111,0.5474189675870348,11.607516475978146,1.0,0.02228184743253927,2.1053451211759926,0.9564498646582881,0.3621922160444798,0.525018492245383,0.5322128851540616
frozenset({'RED RETROSPOT CHARLOTTE BAG'}),frozenset({'WOODLAND CHARLOTTE BAG'}),0.05518126403593199,0.04454069083520479,0.027002459629986098,0.4893410852713178,10.986382925263129,1.0,0.024544648008665845,1.8710322714574357,0.9620662643513926,0.3713235294117647,0.46553567500946813,0.5477917911350587
frozenset({'WOODLAND CHARLOTTE BAG'}),frozenset({'RED RETROSPOT CHARLOTTE BAG'}),0.04454069083520479,0.05518126403593199,0.027002459629986098,0.6062424969987995,10.986382925263127,1.0,0.024544648008665845,2.3994939239575266,0.9513521120985566,0.3713235294117647,0.5832454543786953,0.5477917911350587
frozenset({'PAPER CHAIN KIT VINTAGE CHRISTMAS'}),"frozenset({""PAPER CHAIN KIT 50'S CHRISTMAS ""})",0.04384557801304673,0.0620254518233344,0.029515559833172923,0.6731707317073171,10.85313708999159,1.0,0.026796018046458443,2.869922125018156,0.9494917567499663,0.38655462184873945,0.6515584895901405,0.5745164003364172
"frozenset({""PAPER CHAIN KIT 50'S CHRISTMAS ""})",frozenset({'PAPER CHAIN KIT VINTAGE CHRISTMAS'}),0.0620254518233344,0.04384557801304673,0.029515559833172923,0.47586206896551725,10.85313708999159,1.0,0.026796018046458443,1.8242419893172135,0.967894857724484,0.38655462184873945,0.45182711183274266,0.5745164003364172
frozenset({'ALARM CLOCK BAKELIKE PINK'}),frozenset({'ALARM CLOCK BAKELIKE RED '}),0.04186717998075072,0.05619719816062453,0.02513100203186825,0.6002554278416348,10.681234073733828,1.0,0.02277818382206347,2.36101467680585,0.9459835215918442,0.344574780058651,0.5764532894167046,0.523724288611588
frozenset({'ALARM CLOCK BAKELIKE RED '}),frozenset({'ALARM CLOCK BAKELIKE PINK'}),0.05619719816062453,0.04186717998075072,0.02513100203186825,0.4471931493815414,10.681234073733828,1.0,0.02277818382206347,1.7332144472293134,0.9603466502410207,0.344574780058651,0.42303735028369815,0.523724288611588
frozenset({'RED RETROSPOT CHARLOTTE BAG'}),frozenset({'CHARLOTTE BAG SUKI DESIGN'}),0.05518126403593199,0.04716073147256978,0.02710940006416426,0.49127906976744184,10.417121499762695,1.0,0.024507011288648697,1.87300976213392,0.9568017198943148,0.36034115138592754,0.46609995301855767,0.5330545008701155
frozenset({'CHARLOTTE BAG SUKI DESIGN'}),frozenset({'RED RETROSPOT CHARLOTTE BAG'}),0.04716073147256978,0.05518126403593199,0.02710940006416426,0.5748299319727891,10.417121499762695,1.0,0.024507011288648697,2.222213666987488,0.948747833363218,0.36034115138592754,0.5499982675582965,0.5330545008701155
frozenset({'ALARM CLOCK BAKELIKE PINK'}),frozenset({'ALARM CLOCK BAKELIKE GREEN'}),0.04186717998075072,0.052400812747299755,0.022350550743236018,0.5338441890166028,10.187708186722965,1.0,0.020156676484807203,2.032794968818806,0.9412499789723614,0.3107806691449815,0.5080664723501019,0.4801874006307504
frozenset({'ALARM CLOCK BAKELIKE GREEN'}),frozenset({'ALARM CLOCK BAKELIKE PINK'}),0.052400812747299755,0.04186717998075072,0.022350550743236018,0.42653061224489797,10.187708186722965,1.0,0.020156676484807203,1.6707654156919294,0.9517130331342819,0.3107806691449815,0.4014719298065786,0.4801874006307504
frozenset({'WOODEN FRAME ANTIQUE WHITE '}),frozenset({'WOODEN PICTURE FRAME WHITE FINISH'}),0.051919580793498024,0.05881723879798952,0.028820447011014865,0.5550978372811535,9.437672502574666,1.0,0.02576668062919218,2.115482548905445,0.9430019371123329,0.3518276762402089,0.527294611568693,0.5225489186405767
frozenset({'WOODEN PICTURE FRAME WHITE FINISH'}),frozenset({'WOODEN FRAME ANTIQUE WHITE '}),0.05881723879798952,0.051919580793498024,0.028820447011014865,0.49,9.437672502574666,1.0,0.02576668062919218,1.858981214130396,0.9499129273343242,0.3518276762402089,0.46207094918504316,0.5225489186405767
frozenset({'LUNCH BAG SPACEBOY DESIGN '}),frozenset({'LUNCH BAG DOLLY GIRL DESIGN'}),0.06186504117206716,0.036466688054753504,0.020746444230563574,0.3353500432152117,9.19606526130629,1.0,0.01849043107264732,1.4496853601048765,0.9500315829986514,0.26740179186767743,0.310195144739783,0.4521324996134709
frozenset({'LUNCH BAG DOLLY GIRL DESIGN'}),frozenset({'LUNCH BAG SPACEBOY DESIGN '}),0.036466688054753504,0.06186504117206716,0.020746444230563574,0.5689149560117301,9.19606526130629,1.0,0.01849043107264732,2.1762178296620753,0.9249891300616726,0.26740179186767743,0.5404871762514322,0.4521324996134709
"frozenset({'JUMBO SHOPPER VINTAGE RED PAISLEY', 'JUMBO BAG RED RETROSPOT'})",frozenset({'JUMBO STORAGE BAG SUKI'}),0.03635974762057534,0.06330873703347235,0.02085338466474174,0.573529411764706,9.059245826709063,1.0,0.018551494964027315,2.1963795131628925,0.923182207501373,0.2645861601085482,0.5447052779326139,0.451460651828299
frozenset({'JUMBO STORAGE BAG SUKI'}),"frozenset({'JUMBO SHOPPER VINTAGE RED PAISLEY', 'JUMBO BAG RED RETROSPOT'})",0.06330873703347235,0.03635974762057534,0.02085338466474174,0.32939189189189194,9.059245826709063,1.0,0.018551494964027315,1.4369648095934997,0.9497425358825063,0.2645861601085482,0.30408873388981045,0.451460651828299
frozenset({'DOTCOM POSTAGE'}),frozenset({'JUMBO STORAGE BAG SUKI'}),0.037749973264891455,0.06330873703347235,0.021120735750187147,0.5594900849858357,8.837486122808363,1.0,0.018730832619739523,2.1263795230044007,0.9216374384181015,0.2642140468227425,0.529717066411982,0.44655247492535033
frozenset({'JUMBO STORAGE BAG SUKI'}),frozenset({'DOTCOM POSTAGE'}),0.06330873703347235,0.037749973264891455,0.021120735750187147,0.3336148648648649,8.837486122808363,1.0,0.018730832619739523,1.4439848309941299,0.9467854402198969,0.2642140468227425,0.3074719494722552,0.44655247492535033
"frozenset({'JUMBO STORAGE BAG SUKI', 'JUMBO BAG RED RETROSPOT'})",frozenset({'JUMBO BAG PINK POLKADOT'}),0.03871243717249492,0.06512672441450112,0.02208319965779061,0.5704419889502762,8.758954086492665,1.0,0.019561985430643844,2.176360937375888,0.9215048147359013,0.2701111837802485,0.5405173917494889,0.4547612243601956
frozenset({'JUMBO BAG PINK POLKADOT'}),"frozenset({'JUMBO STORAGE BAG SUKI', 'JUMBO BAG RED RETROSPOT'})",0.06512672441450112,0.03871243717249492,0.02208319965779061,0.339080459770115,8.758954086492665,1.0,0.019561985430643844,1.4544698776694425,0.9475413840838499,0.2701111837802485,0.3124642762610241,0.4547612243601956
frozenset({'JUMBO SHOPPER VINTAGE RED PAISLEY'}),"frozenset({'JUMBO STORAGE BAG SUKI', 'JUMBO BAG RED RETROSPOT'})",0.06282750507967062,0.03871243717249492,0.02085338466474174,0.3319148936170213,8.573856823792172,1.0,0.018421178821640384,1.4388699188819343,0.9425867489426568,0.2584493041749503,0.3050101424199317,0.4352944633830963
"frozenset({'JUMBO STORAGE BAG SUKI', 'JUMBO BAG RED RETROSPOT'})",frozenset({'JUMBO SHOPPER VINTAGE RED PAISLEY'}),0.03871243717249492,0.06282750507967062,0.02085338466474174,0.5386740331491713,8.573856823792172,1.0,0.018421178821640384,2.0314757075518517,0.9189408137010763,0.2584493041749503,0.5077470056459064,0.4352944633830963
"frozenset({'JUMBO SHOPPER VINTAGE RED PAISLEY', 'JUMBO BAG RED RETROSPOT'})",frozenset({'JUMBO BAG PINK POLKADOT'}),0.03635974762057534,0.06512672441450112,0.02021174205967276,0.5558823529411765,8.535395537525355,1.0,0.017843750796606737,2.1050126735037726,0.9161518637714399,0.24868421052631576,0.5249434777342646,0.4331135902636917
frozenset({'JUMBO BAG PINK POLKADOT'}),"frozenset({'JUMBO SHOPPER VINTAGE RED PAISLEY', 'JUMBO BAG RED RETROSPOT'})",0.06512672441450112,0.03635974762057534,0.02021174205967276,0.31034482758620685,8.535395537525353,1.0,0.017843750796606737,1.3972783659501655,0.9443427641780421,0.24868421052631576,0.2843229922049295,0.4331135902636917
frozenset({'HEART OF WICKER SMALL'}),frozenset({'HEART OF WICKER LARGE'}),0.06421773072398675,0.04945995080740028,0.026360817024917122,0.4104912572855953,8.299467560816437,1.0,0.02318461122234586,1.6124273998309495,0.9398664324368368,0.3018983466013472,0.37981703851916543,0.47173211512928415
frozenset({'HEART OF WICKER LARGE'}),frozenset({'HEART OF WICKER SMALL'}),0.04945995080740028,0.06421773072398675,0.026360817024917122,0.532972972972973,8.299467560816435,1.0,0.02318461122234586,2.003700460834056,0.9252743676704213,0.3018983466013472,0.5009234066933627,0.47173211512928415
frozenset({'JUMBO BAG APPLES'}),frozenset({'JUMBO BAG ALPHABET'}),0.05229387231312159,0.04844401668270773,0.02090685488183082,0.3997955010224949,8.25273229594117,1.0,0.01837352965909057,1.585386289070378,0.9273212272751672,0.26188881446751505,0.3692388997596482,0.41568141497040856
frozenset({'JUMBO BAG ALPHABET'}),frozenset({'JUMBO BAG APPLES'}),0.04844401668270773,0.05229387231312159,0.02090685488183082,0.4315673289183223,8.252732295941168,1.0,0.01837352965909057,1.6672267022996348,0.9235694219052071,0.26188881446751505,0.40020154510440437,0.41568141497040856
frozenset({'JUMBO BAG WOODLAND ANIMALS'}),frozenset({'JUMBO STORAGE BAG SUKI'}),0.046144797347877235,0.06330873703347235,0.02400812747299754,0.5202780996523754,8.21810896934014,1.0,0.02108675863223791,1.9525714008215296,0.9208080041839212,0.28097622027534425,0.48785483615131436,0.44975053631267414
frozenset({'JUMBO STORAGE BAG SUKI'}),frozenset({'JUMBO BAG WOODLAND ANIMALS'}),0.06330873703347235,0.046144797347877235,0.02400812747299754,0.37922297297297297,8.21810896934014,1.0,0.02108675863223791,1.5365504216872292,0.9376808988832612,0.28097622027534425,0.34919154888393633,0.44975053631267414
"frozenset({'JUMBO BAG PINK POLKADOT', 'JUMBO BAG RED RETROSPOT'})",frozenset({'JUMBO STORAGE BAG SUKI'}),0.04411292909849214,0.06330873703347235,0.02208319965779061,0.5006060606060606,7.90737714987715,1.0,0.01929046582971796,1.8756560484159837,0.9138483430154482,0.25877192982456143,0.4668532107235156,0.42471181408681413
frozenset({'JUMBO STORAGE BAG SUKI'}),"frozenset({'JUMBO BAG PINK POLKADOT', 'JUMBO BAG RED RETROSPOT'})",0.06330873703347235,0.04411292909849214,0.02208319965779061,0.3488175675675676,7.90737714987715,1.0,0.01929046582971796,1.4679251516827305,0.9325760262636812,0.25877192982456143,0.31876635613630083,0.42471181408681413
frozenset({'60 TEATIME FAIRY CAKE CASES'}),frozenset({'PACK OF 72 RETROSPOT CAKE CASES'}),0.04427333974975938,0.07058068655758742,0.024222008341353865,0.5471014492753623,7.75143280632411,1.0,0.021097165625618523,2.052157844080847,0.9113396423974444,0.2672566371681416,0.5127080488061112,0.4451416337285902
frozenset({'PACK OF 72 RETROSPOT CAKE CASES'}),frozenset({'60 TEATIME FAIRY CAKE CASES'}),0.07058068655758742,0.04427333974975938,0.024222008341353865,0.34318181818181814,7.75143280632411,1.0,0.021097165625618523,1.4550855726993284,0.9371352415264022,0.2672566371681416,0.3127551954591229,0.4451416337285902
frozenset({'JUMBO SHOPPER VINTAGE RED PAISLEY'}),frozenset({'JUMBO BAG PINK VINTAGE PAISLEY'}),0.06282750507967062,0.046251737782055394,0.022297080526146935,0.3548936170212766,7.673087197146723,1.0,0.019391199235701255,1.478435630746814,0.9279768288980386,0.25693160813308685,0.3236093752050185,0.41848727093838395
frozenset({'JUMBO BAG PINK VINTAGE PAISLEY'}),frozenset({'JUMBO SHOPPER VINTAGE RED PAISLEY'}),0.046251737782055394,0.06282750507967062,0.022297080526146935,0.4820809248554913,7.673087197146722,1.0,0.019391199235701255,1.8094960002367968,0.9118489589110231,0.25693160813308685,0.44735992791963247,0.41848727093838395
frozenset({'JUMBO BAG PINK POLKADOT'}),frozenset({'JUMBO BAG WOODLAND ANIMALS'}),0.06512672441450112,0.046144797347877235,0.022938723131215914,0.3522167487684729,7.6328593690243105,1.0,0.019933463631177713,1.4724913014325545,0.929524376332887,0.25968523002421307,0.32087884048814286,0.4246599386947811
frozenset({'JUMBO BAG WOODLAND ANIMALS'}),frozenset({'JUMBO BAG PINK POLKADOT'}),0.046144797347877235,0.06512672441450112,0.022938723131215914,0.49710312862108924,7.6328593690243105,1.0,0.019933463631177713,1.8589761217287684,0.9110266380292728,0.25968523002421307,0.46206947560464484,0.4246599386947811
frozenset({'LUNCH BAG SPACEBOY DESIGN '}),frozenset({'LUNCH BAG WOODLAND'}),0.06186504117206716,0.05437921077959577,0.02561223398566998,0.4140017286084702,7.613235327861956,1.0,0.02224806187188577,1.6136921137581235,0.9259326598885894,0.28259587020648963,0.3803031002790844,0.4424974228096431
frozenset({'LUNCH BAG WOODLAND'}),frozenset({'LUNCH BAG SPACEBOY DESIGN '}),0.05437921077959577,0.06186504117206716,0.02561223398566998,0.4709931170108161,7.613235327861955,1.0,0.02224806187188577,1.7733889463345869,0.9186026868954087,0.28259587020648963,0.43610790962304263,0.4424974228096431
frozenset({'LUNCH BAG PINK POLKADOT'}),frozenset({'LUNCH BAG CARS BLUE'}),0.05828253662709871,0.06149074965244359,0.026842048978718853,0.4605504587155963,7.489751894694854,1.0,0.023258212109872552,1.7397535423109463,0.9201106091192803,0.288837744533947,0.42520594114055843,0.4485360989230155
frozenset({'LUNCH BAG CARS BLUE'}),frozenset({'LUNCH BAG PINK POLKADOT'}),0.06149074965244359,0.05828253662709871,0.026842048978718853,0.43652173913043474,7.489751894694853,1.0,0.023258212109872552,1.6712578439488217,0.9232559279745194,0.288837744533947,0.4016482832851119,0.4485360989230155
frozenset({'LUNCH BAG SUKI DESIGN '}),frozenset({'LUNCH BAG APPLE DESIGN'}),0.05796171532456422,0.05539514490428831,0.02400812747299754,0.41420664206642066,7.477309478693242,1.0,0.020797329853692197,1.6125223038169314,0.9195614123134342,0.26870137642130465,0.3798535389972942,0.42380216273205207
frozenset({'LUNCH BAG APPLE DESIGN'}),frozenset({'LUNCH BAG SUKI DESIGN '}),0.05539514490428831,0.05796171532456422,0.02400812747299754,0.4333976833976834,7.477309478693242,1.0,0.020797329853692197,1.662609306514057,0.9170628870224207,0.26870137642130465,0.3985357858385444,0.42380216273205207
frozenset({'LUNCH BAG PINK POLKADOT'}),frozenset({'LUNCH BAG  BLACK SKULL.'}),0.05828253662709871,0.0680675863544006,0.029087798096460272,0.4990825688073394,7.3321619810171725,1.0,0.025120646501641714,1.8604511554463432,0.9170633575369734,0.29906542056074764,0.46249596659790354,0.46320978401089674
frozenset({'LUNCH BAG  BLACK SKULL.'}),frozenset({'LUNCH BAG PINK POLKADOT'}),0.0680675863544006,0.05828253662709871,0.029087798096460272,0.427336999214454,7.3321619810171725,1.0,0.025120646501641714,1.644453128770512,0.9266922860141819,0.29906542056074764,0.39189510329938215,0.46320978401089674
"frozenset({'JUMBO BAG PINK POLKADOT', 'JUMBO BAG RED RETROSPOT'})",frozenset({'JUMBO SHOPPER VINTAGE RED PAISLEY'}),0.04411292909849214,0.06282750507967062,0.02021174205967276,0.45818181818181813,7.292694777562862,1.0,0.017440236782658096,1.7296807792153728,0.9026970897251145,0.23304562268803944,0.42185863887923564,0.3899419729206963
frozenset({'JUMBO SHOPPER VINTAGE RED PAISLEY'}),"frozenset({'JUMBO BAG PINK POLKADOT', 'JUMBO BAG RED RETROSPOT'})",0.06282750507967062,0.04411292909849214,0.02021174205967276,0.32170212765957445,7.292694777562862,1.0,0.017440236782658096,1.4092437996352216,0.9207232197761096,0.23304562268803944,0.2903995743966752,0.3899419729206963
frozenset({'JUMBO BAG RED RETROSPOT'}),"frozenset({'JUMBO BAG PINK POLKADOT', 'JUMBO SHOPPER VINTAGE RED PAISLEY'})",0.111699283499091,0.025024061597690085,0.02021174205967276,0.18094782192436573,7.230953345362154,1.0,0.01741657230897366,1.19037097330358,0.9700607384349033,0.1734740706746214,0.15992575220080554,0.49432006480833673
"frozenset({'JUMBO BAG PINK POLKADOT', 'JUMBO SHOPPER VINTAGE RED PAISLEY'})",frozenset({'JUMBO BAG RED RETROSPOT'}),0.025024061597690085,0.111699283499091,0.02021174205967276,0.8076923076923077,7.2309533453621535,1.0,0.01741657230897366,4.619163725804728,0.8838224771097428,0.1734740706746214,0.7835105964281911,0.49432006480833673
frozenset({'JUMBO BAG WOODLAND ANIMALS'}),frozenset({'JUMBO SHOPPER VINTAGE RED PAISLEY'}),0.046144797347877235,0.06282750507967062,0.02085338466474174,0.4519119351100811,7.192899583343606,1.0,0.017954222174967612,1.7098940023599245,0.9026254777417959,0.2366504854368932,0.4151684264522586,0.3919134143635512
frozenset({'JUMBO SHOPPER VINTAGE RED PAISLEY'}),frozenset({'JUMBO BAG WOODLAND ANIMALS'}),0.06282750507967062,0.046144797347877235,0.02085338466474174,0.3319148936170213,7.192899583343606,1.0,0.017954222174967612,1.4277450485557253,0.9186932103289722,0.2366504854368932,0.2995948394206812,0.3919134143635512
frozenset({'JUMBO  BAG BAROQUE BLACK WHITE'}),frozenset({'JUMBO SHOPPER VINTAGE RED PAISLEY'}),0.04988771254411293,0.06282750507967062,0.022510961394503263,0.4512325830653805,7.182086611479784,1.0,0.01937664088122486,1.7077772221888035,0.9059610207480562,0.24955542382928275,0.4144435310371853,0.404765227702903
frozenset({'JUMBO SHOPPER VINTAGE RED PAISLEY'}),frozenset({'JUMBO  BAG BAROQUE BLACK WHITE'}),0.06282750507967062,0.04988771254411293,0.022510961394503263,0.35829787234042554,7.182086611479784,1.0,0.01937664088122486,1.4806126495499565,0.9184698680705317,0.24955542382928275,0.3246039061573886,0.404765227702903
"frozenset({'JUMBO STORAGE BAG SUKI', 'JUMBO BAG PINK POLKADOT'})",frozenset({'JUMBO BAG RED RETROSPOT'}),0.02753716180087691,0.111699283499091,0.02208319965779061,0.8019417475728156,7.179470829634656,1.0,0.01900731841503412,4.485047735274198,0.8850867454349359,0.18849840255591055,0.7770369327097332,0.4998219987265705
frozenset({'JUMBO BAG RED RETROSPOT'}),"frozenset({'JUMBO STORAGE BAG SUKI', 'JUMBO BAG PINK POLKADOT'})",0.111699283499091,0.02753716180087691,0.02208319965779061,0.19770224988032553,7.179470829634656,1.0,0.01900731841503412,1.2120971772064248,0.9689443591901029,0.18849840255591055,0.17498364091174182,0.4998219987265705
frozenset({'LUNCH BAG CARS BLUE'}),frozenset({'LUNCH BAG WOODLAND'}),0.06149074965244359,0.05437921077959577,0.02395465725590846,0.38956521739130434,7.163863024240092,1.0,0.020610838819562872,1.5490938854750211,0.9167842594250553,0.2606166375799884,0.35446133421838694,0.4150382625796246
frozenset({'LUNCH BAG WOODLAND'}),frozenset({'LUNCH BAG CARS BLUE'}),0.05437921077959577,0.06149074965244359,0.02395465725590846,0.4405113077679449,7.163863024240092,1.0,0.020610838819562872,1.6774409623962474,0.9098895856052344,0.2606166375799884,0.40385383306039796,0.4150382625796246
frozenset({'JUMBO STORAGE BAG SUKI'}),frozenset({'JUMBO  BAG BAROQUE BLACK WHITE'}),0.06330873703347235,0.04988771254411293,0.022564431611592342,0.3564189189189189,7.14442295993743,1.0,0.019406103536935636,1.4762899584616407,0.9181581138750176,0.24896755162241885,0.3226262941989769,0.4043616566727499
frozenset({'JUMBO  BAG BAROQUE BLACK WHITE'}),frozenset({'JUMBO STORAGE BAG SUKI'}),0.04988771254411293,0.06330873703347235,0.022564431611592342,0.4523043944265809,7.144422959937429,1.0,0.019406103536935636,1.710240603420294,0.9051884652407315,0.24896755162241885,0.4152869496840916,0.4043616566727499
frozenset({'LUNCH BAG CARS BLUE'}),frozenset({'LUNCH BAG SUKI DESIGN '}),0.06149074965244359,0.05796171532456422,0.02518447224895733,0.4095652173913043,7.06613348307396,1.0,0.021620362922508348,1.5954993039421959,0.9147271462219875,0.26715825297787854,0.37323695627495584,0.4220335312048772
frozenset({'LUNCH BAG SUKI DESIGN '}),frozenset({'LUNCH BAG CARS BLUE'}),0.05796171532456422,0.06149074965244359,0.02518447224895733,0.43450184501845013,7.06613348307396,1.0,0.021620362922508348,1.6596150528168858,0.911300424025901,0.26715825297787854,0.3974506327219151,0.4220335312048772
frozenset({'JUMBO STORAGE BAG SUKI'}),frozenset({'JUMBO SHOPPER VINTAGE RED PAISLEY'}),0.06330873703347235,0.06282750507967062,0.028018393754678645,0.4425675675675676,7.0441690626797016,1.0,0.02404086375712063,1.6812306575540454,0.9160314058647638,0.285558583106267,0.4051976178837593,0.44426250718803917
frozenset({'JUMBO SHOPPER VINTAGE RED PAISLEY'}),frozenset({'JUMBO STORAGE BAG SUKI'}),0.06282750507967062,0.06330873703347235,0.028018393754678645,0.4459574468085107,7.0441690626797016,1.0,0.02404086375712063,1.6906485929119355,0.915561029722082,0.285558583106267,0.40851102695586067,0.44426250718803917
frozenset({'PACK OF 60 PINK PAISLEY CAKE CASES'}),frozenset({'PACK OF 72 RETROSPOT CAKE CASES'}),0.04646561865041172,0.07058068655758742,0.022992193348304994,0.4948216340621404,7.010722878962235,1.0,0.019712618082635896,1.8397844723951176,0.8991404751316804,0.24445707788516202,0.45645807158152973,0.4102896049098581
frozenset({'PACK OF 72 RETROSPOT CAKE CASES'}),frozenset({'PACK OF 60 PINK PAISLEY CAKE CASES'}),0.07058068655758742,0.04646561865041172,0.022992193348304994,0.32575757575757575,7.010722878962235,1.0,0.019712618082635896,1.4142307678443329,0.9224699167543008,0.24445707788516202,0.292901821444411,0.4102896049098581
frozenset({'LUNCH BAG  BLACK SKULL.'}),frozenset({'LUNCH BAG SUKI DESIGN '}),0.0680675863544006,0.05796171532456422,0.02753716180087691,0.4045561665357423,6.979713493128646,1.0,0.023591847737772953,1.5820774886435747,0.919302334520025,0.27958740499457113,0.3679197086247844,0.43982420872912575
frozenset({'LUNCH BAG SUKI DESIGN '}),frozenset({'LUNCH BAG  BLACK SKULL.'}),0.05796171532456422,0.0680675863544006,0.02753716180087691,0.4750922509225092,6.979713493128646,1.0,0.023591847737772953,1.7754213293353773,0.9094403671443703,0.27958740499457113,0.43675341538543616,0.43982420872912575
frozenset({'JUMBO BAG PINK POLKADOT'}),frozenset({'JUMBO  BAG BAROQUE BLACK WHITE'}),0.06512672441450112,0.04988771254411293,0.02213666987487969,0.3399014778325123,6.813330587806694,1.0,0.018887646568349396,1.4393492115936197,0.9126679796683675,0.2383419689119171,0.30524156893599214,0.39181569068474487
frozenset({'JUMBO  BAG BAROQUE BLACK WHITE'}),frozenset({'JUMBO BAG PINK POLKADOT'}),0.04988771254411293,0.06512672441450112,0.02213666987487969,0.44372990353697744,6.813330587806693,1.0,0.018887646568349396,1.680610339347342,0.8980295433913973,0.2383419689119171,0.40497807457953283,0.39181569068474487
frozenset({'LUNCH BAG CARS BLUE'}),frozenset({'LUNCH BAG SPACEBOY DESIGN '}),0.06149074965244359,0.06186504117206716,0.02582611485402631,0.42000000000000004,6.788971477960242,1.0,0.022021987095076613,1.6174740669447119,0.9085709944871295,0.26480263157894735,0.3817520661157025,0.41872947277441663
frozenset({'LUNCH BAG SPACEBOY DESIGN '}),frozenset({'LUNCH BAG CARS BLUE'}),0.06186504117206716,0.06149074965244359,0.02582611485402631,0.41745894554883317,6.788971477960241,1.0,0.022021987095076613,1.6110611315313392,0.9089334907516725,0.26480263157894735,0.3792910893148517,0.41872947277441663
frozenset({'LUNCH BAG SPACEBOY DESIGN '}),frozenset({'LUNCH BAG SUKI DESIGN '}),0.06186504117206716,0.05796171532456422,0.024328948775532027,0.3932584269662921,6.784796218748704,1.0,0.020743144870574225,1.5526186543724774,0.9088368684606929,0.25475923852183646,0.3559268419300485,0.40650006219163315
frozenset({'LUNCH BAG SUKI DESIGN '}),frozenset({'LUNCH BAG SPACEBOY DESIGN '}),0.05796171532456422,0.06186504117206716,0.024328948775532027,0.41974169741697415,6.784796218748704,1.0,0.020743144870574225,1.6167540466923356,0.9050711123364092,0.25475923852183646,0.3814767298428185,0.40650006219163315
frozenset({'JUMBO BAG PINK VINTAGE PAISLEY'}),frozenset({'JUMBO BAG PINK POLKADOT'}),0.046251737782055394,0.06512672441450112,0.020265212276761844,0.43815028901734104,6.727657393433754,1.0,0.017252988096538153,1.6639205419371532,0.8926462928811667,0.22241784037558684,0.39900976350962664,0.3746580673329727
frozenset({'JUMBO BAG PINK POLKADOT'}),frozenset({'JUMBO BAG PINK VINTAGE PAISLEY'}),0.06512672441450112,0.046251737782055394,0.020265212276761844,0.3111658456486043,6.727657393433754,1.0,0.017252988096538153,1.384583293660854,0.9106687214665621,0.22241784037558684,0.27776103858945994,0.3746580673329727
frozenset({'JAM MAKING SET WITH JARS'}),frozenset({'JAM MAKING SET PRINTED'}),0.06052828574484012,0.06213239225751257,0.025237942466046413,0.4169611307420495,6.710849455368166,1.0,0.0214771752734732,1.6085850484310544,0.905814996671908,0.25905598243688255,0.3783356366669219,0.4115786720835893
frozenset({'JAM MAKING SET PRINTED'}),frozenset({'JAM MAKING SET WITH JARS'}),0.06213239225751257,0.06052828574484012,0.025237942466046413,0.40619621342512907,6.710849455368166,1.0,0.0214771752734732,1.582124828934052,0.9073642811588041,0.25905598243688255,0.36793862171182495,0.4115786720835893
frozenset({'LUNCH BAG PINK POLKADOT'}),frozenset({'LUNCH BAG WOODLAND'}),0.05828253662709871,0.05437921077959577,0.021174205967276226,0.36330275229357795,6.680912559876592,1.0,0.018004847623261714,1.48519691678709,0.9029458220634691,0.23144360023378135,0.3266886103135139,0.3763416416335146
frozenset({'LUNCH BAG WOODLAND'}),frozenset({'LUNCH BAG PINK POLKADOT'}),0.05437921077959577,0.05828253662709871,0.021174205967276226,0.38938053097345127,6.6809125598765915,1.0,0.018004847623261714,1.542232947262867,0.8992186496003288,0.23144360023378135,0.351589523635333,0.3763416416335146
frozenset({'JUMBO STORAGE BAG SUKI'}),frozenset({'JUMBO BAG PINK POLKADOT'}),0.06330873703347235,0.06512672441450112,0.02753716180087691,0.43496621621621623,6.678766975103182,1.0,0.023414071131067835,1.6545440333232149,0.9077396120716889,0.27291997880233176,0.3956038764399265,0.4288952591754316
frozenset({'JUMBO BAG PINK POLKADOT'}),frozenset({'JUMBO STORAGE BAG SUKI'}),0.06512672441450112,0.06330873703347235,0.02753716180087691,0.42282430213464695,6.678766975103182,1.0,0.023414071131067835,1.6228875651397305,0.9095048343783941,0.27291997880233176,0.383814367994187,0.4288952591754316
frozenset({'LUNCH BAG  BLACK SKULL.'}),frozenset({'LUNCH BAG CARS BLUE'}),0.0680675863544006,0.06149074965244359,0.02791145332050048,0.41005498821681063,6.668563817070254,1.0,0.023725926408535946,1.590841911707642,0.9121291000224446,0.2745923198316675,0.37140202766811714,0.43198401584753576
frozenset({'LUNCH BAG CARS BLUE'}),frozenset({'LUNCH BAG  BLACK SKULL.'}),0.06149074965244359,0.0680675863544006,0.02791145332050048,0.45391304347826084,6.668563817070254,1.0,0.023725926408535946,1.7065641332682153,0.9057371287768452,0.2745923198316675,0.4140272958362748,0.43198401584753576
frozenset({'JUMBO BAG RED RETROSPOT'}),"frozenset({'JUMBO STORAGE BAG SUKI', 'JUMBO SHOPPER VINTAGE RED PAISLEY'})",0.111699283499091,0.028018393754678645,0.02085338466474174,0.18669219722355196,6.663201283348986,1.0,0.017723750157548727,1.1950968660662016,0.9567953425414449,0.17543859649122806,0.1632477430121503,0.46548350319192866
"frozenset({'JUMBO STORAGE BAG SUKI', 'JUMBO SHOPPER VINTAGE RED PAISLEY'})",frozenset({'JUMBO BAG RED RETROSPOT'}),0.028018393754678645,0.111699283499091,0.02085338466474174,0.7442748091603053,6.663201283348985,1.0,0.017723750157548727,3.473653548108032,0.8744218850061075,0.17543859649122806,0.712118670975503,0.46548350319192866
frozenset({'LUNCH BAG RED RETROSPOT'}),frozenset({'LUNCH BAG PINK POLKADOT'}),0.08362741952732328,0.05828253662709871,0.032402951555983314,0.3874680306905371,6.648098266031582,1.0,0.027528933414352346,1.5374176541912503,0.9271131220952646,0.2958984375,0.3495586594352955,0.4717156667214153
frozenset({'LUNCH BAG PINK POLKADOT'}),frozenset({'LUNCH BAG RED RETROSPOT'}),0.05828253662709871,0.08362741952732328,0.032402951555983314,0.5559633027522934,6.648098266031581,1.0,0.027528933414352346,2.063731637841358,0.9021612926679904,0.2958984375,0.5154408733850736,0.4717156667214153
frozenset({'SET OF 3 CAKE TINS PANTRY DESIGN '}),frozenset({'SET OF 6 SPICE TINS PANTRY DESIGN'}),0.07405625066837772,0.04459416105229387,0.021922789006523367,0.296028880866426,6.6382879256161855,1.0,0.018620312637288687,1.3571662430180236,0.9172897913653157,0.22664455500276395,0.2631705915583109,0.3938177977473617
frozenset({'SET OF 6 SPICE TINS PANTRY DESIGN'}),frozenset({'SET OF 3 CAKE TINS PANTRY DESIGN '}),0.04459416105229387,0.07405625066837772,0.021922789006523367,0.49160671462829736,6.6382879256161855,1.0,0.018620312637288687,1.8213138842985213,0.8890030958738063,0.22664455500276395,0.45094582069517913,0.3938177977473617
frozenset({'LUNCH BAG WOODLAND'}),frozenset({'LUNCH BAG SUKI DESIGN '}),0.05437921077959577,0.05796171532456422,0.020799914447652657,0.3824975417895772,6.599141168402834,1.0,0.017648002112871253,1.5255619992275768,0.8972572721861366,0.22721962616822425,0.3445038611958606,0.3706768151752314
frozenset({'LUNCH BAG SUKI DESIGN '}),frozenset({'LUNCH BAG WOODLAND'}),0.05796171532456422,0.05437921077959577,0.020799914447652657,0.3588560885608856,6.599141168402833,1.0,0.017648002112871253,1.4748963100934074,0.9006694777279954,0.22721962616822425,0.3219862351295268,0.3706768151752314
frozenset({'LUNCH BAG PINK POLKADOT'}),frozenset({'LUNCH BAG SUKI DESIGN '}),0.05828253662709871,0.05796171532456422,0.022190140091968773,0.38073394495412843,6.568714242188293,1.0,0.018811984295595392,1.5212173782166298,0.9002309487780785,0.23592950540079588,0.34263175380475136,0.3817876366837063
frozenset({'LUNCH BAG SUKI DESIGN '}),frozenset({'LUNCH BAG PINK POLKADOT'}),0.05796171532456422,0.05828253662709871,0.022190140091968773,0.3828413284132841,6.5687142421882925,1.0,0.018811984295595392,1.525891973536958,0.8999243654148893,0.23592950540079588,0.3446456123089507,0.3817876366837063
frozenset({'LUNCH BAG SPACEBOY DESIGN '}),frozenset({'LUNCH BAG  BLACK SKULL.'}),0.06186504117206716,0.0680675863544006,0.027376751149609666,0.44252376836646495,6.501240782395622,1.0,0.023165747117311435,1.6716989187410207,0.901984517490738,0.26694473409801867,0.4018061573234051,0.42236164851944613
frozenset({'LUNCH BAG  BLACK SKULL.'}),frozenset({'LUNCH BAG SPACEBOY DESIGN '}),0.0680675863544006,0.06186504117206716,0.027376751149609666,0.40219952867242725,6.501240782395621,1.0,0.023165747117311435,1.5693111729145313,0.9079877422327729,0.26694473409801867,0.3627777478046016,0.42236164851944613
frozenset({'LUNCH BAG  BLACK SKULL.'}),frozenset({'LUNCH BAG WOODLAND'}),0.0680675863544006,0.05437921077959577,0.023740776387552134,0.3487824037706206,6.413892345445571,1.0,0.020039314761927846,1.4520811395386908,0.9057399674044346,0.24052004333694477,0.31133324938185725,0.392680287431033
frozenset({'LUNCH BAG WOODLAND'}),frozenset({'LUNCH BAG  BLACK SKULL.'}),0.05437921077959577,0.0680675863544006,0.023740776387552134,0.4365781710914454,6.4138923454455705,1.0,0.020039314761927846,1.6540580535385245,0.8926288884304151,0.24052004333694477,0.3954262984538534,0.392680287431033
frozenset({'LUNCH BAG SPACEBOY DESIGN '}),frozenset({'LUNCH BAG PINK POLKADOT'}),0.06186504117206716,0.05828253662709871,0.02288525291412683,0.36992221261884184,6.347050660915211,1.0,0.019279601386078857,1.4946050824724921,0.8980014009369763,0.23529411764705876,0.3309269373380411,0.38129138153877873
frozenset({'LUNCH BAG PINK POLKADOT'}),frozenset({'LUNCH BAG SPACEBOY DESIGN '}),0.05828253662709871,0.06186504117206716,0.02288525291412683,0.39266055045871556,6.34705066091521,1.0,0.019279601386078857,1.5446633007891943,0.8945852021030689,0.23529411764705876,0.3526097244046109,0.38129138153877873
frozenset({'LUNCH BAG WOODLAND'}),frozenset({'LUNCH BAG RED RETROSPOT'}),0.05437921077959577,0.08362741952732328,0.028125334188856807,0.5172074729596854,6.184663784713578,1.0,0.023577741115426813,1.8980670353171332,0.8865178649174238,0.2559610705596107,0.473148217953789,0.4267623042547788
frozenset({'LUNCH BAG RED RETROSPOT'}),frozenset({'LUNCH BAG WOODLAND'}),0.08362741952732328,0.05437921077959577,0.028125334188856807,0.33631713554987214,6.184663784713577,1.0,0.023577741115426813,1.424808202640378,0.9148131894657859,0.2559610705596107,0.2981511489428164,0.4267623042547788
frozenset({'JUMBO BAG RED RETROSPOT'}),frozenset({'DOTCOM POSTAGE'}),0.111699283499091,0.037749973264891455,0.02593305528820447,0.2321685016754428,6.150163340416617,1.0,0.021716410322406253,1.2532046794573826,0.9427018091036643,0.20995670995670995,0.2020457500741349,0.45956867010117747
frozenset({'DOTCOM POSTAGE'}),frozenset({'JUMBO BAG RED RETROSPOT'}),0.037749973264891455,0.111699283499091,0.02593305528820447,0.6869688385269122,6.150163340416617,1.0,0.021716410322406253,2.8377389404961164,0.870254787432717,0.20995670995670995,0.6476067668771631,0.45956867010117747
frozenset({'LUNCH BAG SUKI DESIGN '}),frozenset({'LUNCH BAG RED RETROSPOT'}),0.05796171532456422,0.08362741952732328,0.029729440701529247,0.5129151291512914,6.133336793725993,1.0,0.024882252017558632,1.8813406765764802,0.8884528658149652,0.265774378585086,0.4684641583257937,0.43420692518945647
frozenset({'LUNCH BAG RED RETROSPOT'}),frozenset({'LUNCH BAG SUKI DESIGN '}),0.08362741952732328,0.05796171532456422,0.029729440701529247,0.3554987212276215,6.133336793725993,1.0,0.024882252017558632,1.4616546401114898,0.9133365964481303,0.265774378585086,0.3158438576682357,0.43420692518945647
frozenset({'LUNCH BAG SPACEBOY DESIGN '}),frozenset({'LUNCH BAG APPLE DESIGN'}),0.06186504117206716,0.05539514490428831,0.021013795316008985,0.33967156439066554,6.131793047523385,1.0,0.01758677239577256,1.430507614326883,0.8921057230516657,0.21833333333333335,0.3009474469169154,0.35950759686714745
frozenset({'LUNCH BAG APPLE DESIGN'}),frozenset({'LUNCH BAG SPACEBOY DESIGN '}),0.05539514490428831,0.06186504117206716,0.021013795316008985,0.37934362934362936,6.131793047523384,1.0,0.01758677239577256,1.5115207112686446,0.8859954098800791,0.21833333333333335,0.3384146227406416,0.35950759686714745
frozenset({'JUMBO BAG PINK POLKADOT'}),frozenset({'JUMBO SHOPPER VINTAGE RED PAISLEY'}),0.06512672441450112,0.06282750507967062,0.025024061597690085,0.3842364532019704,6.115736295985745,1.0,0.02093231198871571,1.5219681317506148,0.8947601910024697,0.24311688311688312,0.3429560191580562,0.391267162771198
frozenset({'JUMBO SHOPPER VINTAGE RED PAISLEY'}),frozenset({'JUMBO BAG PINK POLKADOT'}),0.06282750507967062,0.06512672441450112,0.025024061597690085,0.3982978723404255,6.115736295985745,1.0,0.02093231198871571,1.5537144254780217,0.8925650242190437,0.24311688311688312,0.35638108033119636,0.391267162771198
frozenset({'JUMBO STORAGE BAG SUKI'}),frozenset({'JUMBO BAG APPLES'}),0.06330873703347235,0.05229387231312159,0.0201048016254946,0.3175675675675676,6.072749129497597,1.0,0.016794142614761205,1.388717890075822,0.8917878996193582,0.2105263157894737,0.2799113432999689,0.3510128226385895
frozenset({'JUMBO BAG APPLES'}),frozenset({'JUMBO STORAGE BAG SUKI'}),0.05229387231312159,0.06330873703347235,0.0201048016254946,0.38445807770961143,6.072749129497596,1.0,0.016794142614761205,1.521734310932332,0.8814229533701149,0.2105263157894737,0.34285506161235035,0.3510128226385895
frozenset({'JUMBO BAG PINK POLKADOT'}),frozenset({'JUMBO BAG RED RETROSPOT'}),0.06512672441450112,0.111699283499091,0.04411292909849214,0.6773399014778325,6.063959232857073,1.0,0.03683832064474961,2.7530541290028174,0.8932667789771427,0.33239323126510883,0.6367670401154772,0.5361328516484424
frozenset({'JUMBO BAG RED RETROSPOT'}),frozenset({'JUMBO BAG PINK POLKADOT'}),0.111699283499091,0.06512672441450112,0.04411292909849214,0.3949258018190522,6.063959232857072,1.0,0.03683832064474961,1.545055595489009,0.9400997028613955,0.33239323126510883,0.35277409892587014,0.5361328516484424
frozenset({'JUMBO BAG SCANDINAVIAN BLUE PAISLEY'}),frozenset({'JUMBO BAG RED RETROSPOT'}),0.03539728371297188,0.111699283499091,0.02395465725590846,0.6767371601208458,6.0585631252178365,1.0,0.020000806027355454,2.7479209080542133,0.8655836731865694,0.1945288753799392,0.6360885071076903,0.44559691897856557
frozenset({'JUMBO BAG RED RETROSPOT'}),frozenset({'JUMBO BAG SCANDINAVIAN BLUE PAISLEY'}),0.111699283499091,0.03539728371297188,0.02395465725590846,0.2144566778362853,6.058563125217836,1.0,0.020000806027355454,1.2279433725311406,0.9399343564850245,0.1945288753799392,0.18563019894092062,0.44559691897856557
frozenset({'LUNCH BAG  BLACK SKULL.'}),frozenset({'LUNCH BAG RED RETROSPOT'}),0.0680675863544006,0.08362741952732328,0.03427440915410117,0.5035349567949725,6.02117056392556,1.0,0.028582092553829402,1.8457947704774011,0.8948281277398321,0.2918943533697632,0.4582279590372024,0.4566907520547753
frozenset({'LUNCH BAG RED RETROSPOT'}),frozenset({'LUNCH BAG  BLACK SKULL.'}),0.08362741952732328,0.0680675863544006,0.03427440915410117,0.40984654731457804,6.02117056392556,1.0,0.028582092553829402,1.5791357474991523,0.9100221401784067,0.2918943533697632,0.3667422185941384,0.4566907520547753
frozenset({'LUNCH BAG  BLACK SKULL.'}),frozenset({'LUNCH BAG APPLE DESIGN'}),0.0680675863544006,0.05539514490428831,0.022190140091968773,0.32600157109190886,5.885020639537529,1.0,0.018419526282581596,1.4014941498098379,0.8907052157220309,0.21911298838437168,0.2864757943258734,0.3632903608355297
frozenset({'LUNCH BAG APPLE DESIGN'}),frozenset({'LUNCH BAG  BLACK SKULL.'}),0.05539514490428831,0.0680675863544006,0.022190140091968773,0.40057915057915056,5.885020639537528,1.0,0.018419526282581596,1.554721385727602,0.8787558703056311,0.21911298838437168,0.35679793873035015,0.3632903608355297
frozenset({'JUMBO BAG STRAWBERRY'}),frozenset({'JUMBO BAG RED RETROSPOT'}),0.0439525184472249,0.111699283499091,0.02866003635974762,0.6520681265206812,5.8377109153613125,1.0,0.023750571541212018,2.5530880732998154,0.8667979314835219,0.2256842105263158,0.608317468379569,0.4543251116088327
frozenset({'JUMBO BAG RED RETROSPOT'}),frozenset({'JUMBO BAG STRAWBERRY'}),0.111699283499091,0.0439525184472249,0.02866003635974762,0.25658209669698423,5.8377109153613125,1.0,0.023750571541212018,1.2860162195516724,0.9329047742686674,0.2256842105263158,0.22240483067265096,0.4543251116088327
frozenset({'LUNCH BAG RED RETROSPOT'}),frozenset({'LUNCH BAG SPACEBOY DESIGN '}),0.08362741952732328,0.06186504117206716,0.029943321569885575,0.3580562659846548,5.787699469701827,1.0,0.02476970781771399,1.4613974856642302,0.9027111848357035,0.2591392873669598,0.3157234703017962,0.4210333188177379
frozenset({'LUNCH BAG SPACEBOY DESIGN '}),frozenset({'LUNCH BAG RED RETROSPOT'}),0.06186504117206716,0.08362741952732328,0.029943321569885575,0.48401037165082106,5.787699469701826,1.0,0.02476970781771399,1.7759515504302965,0.8817705492000163,0.2591392873669598,0.4369215760656818,0.4210333188177379
frozenset({'LUNCH BAG CARS BLUE'}),frozenset({'LUNCH BAG RED RETROSPOT'}),0.06149074965244359,0.08362741952732328,0.029622500267351085,0.4817391304347826,5.7605404203269215,1.0,0.02448018754911658,1.7681685697039906,0.8805509117415729,0.2564814814814815,0.43444306321573717,0.41797953964194373
frozenset({'LUNCH BAG RED RETROSPOT'}),frozenset({'LUNCH BAG CARS BLUE'}),0.08362741952732328,0.06149074965244359,0.029622500267351085,0.35421994884910485,5.760540420326921,1.0,0.02448018754911658,1.4532955124193845,0.9018222431373606,0.2564814814814815,0.31190869891613254,0.41797953964194373
frozenset({'LUNCH BAG RED RETROSPOT'}),frozenset({'LUNCH BAG APPLE DESIGN'}),0.08362741952732328,0.05539514490428831,0.026039995722382633,0.31138107416879796,5.621089622688088,1.0,0.02140744269969485,1.3717381554036145,0.8971225967822983,0.23047799337434927,0.270997897039786,0.390729147123009
frozenset({'LUNCH BAG APPLE DESIGN'}),frozenset({'LUNCH BAG RED RETROSPOT'}),0.05539514490428831,0.08362741952732328,0.026039995722382633,0.4700772200772201,5.621089622688088,1.0,0.02140744269969485,1.7292568185240313,0.8703094681113456,0.23047799337434927,0.42171689636387966,0.390729147123009
frozenset({'JUMBO  BAG BAROQUE BLACK WHITE'}),frozenset({'JUMBO BAG RED RETROSPOT'}),0.04988771254411293,0.111699283499091,0.03128007699711261,0.6270096463022509,5.613372142242555,1.0,0.02570765525052658,2.381564851998127,0.8650071934556149,0.24004924086992208,0.5801080121076685,0.4535239710687894
frozenset({'JUMBO BAG RED RETROSPOT'}),frozenset({'JUMBO  BAG BAROQUE BLACK WHITE'}),0.111699283499091,0.04988771254411293,0.03128007699711261,0.28003829583532797,5.613372142242555,1.0,0.02570765525052658,1.3196705907548858,0.9251979064896658,0.24004924086992208,0.24223514034061028,0.4535239710687894
frozenset({'JUMBO BAG SPACEBOY DESIGN'}),frozenset({'JUMBO BAG RED RETROSPOT'}),0.03668056892310983,0.111699283499091,0.022938723131215914,0.6253644314868805,5.598643177437836,1.0,0.018841529864165523,2.3711061926833605,0.8526614001747216,0.18286445012787725,0.5782559199222078,0.4153629242163938
frozenset({'JUMBO BAG RED RETROSPOT'}),frozenset({'JUMBO BAG SPACEBOY DESIGN'}),0.111699283499091,0.03668056892310983,0.022938723131215914,0.20536141694590715,5.598643177437836,1.0,0.018841529864165523,1.2122736695901348,0.9246703055166307,0.18286445012787725,0.175103753314962,0.4153629242163938
frozenset({'JUMBO BAG RED RETROSPOT'}),frozenset({'JUMBO BAG WOODLAND ANIMALS'}),0.111699283499091,0.046144797347877235,0.028606566142658538,0.25610339875538535,5.549995090988664,1.0,0.023452225341689895,1.2822416462936193,0.92290780050079,0.22134877947869255,0.2201158004105172,0.4380169369211457
frozenset({'JUMBO BAG WOODLAND ANIMALS'}),frozenset({'JUMBO BAG RED RETROSPOT'}),0.046144797347877235,0.111699283499091,0.028606566142658538,0.619930475086906,5.549995090988663,1.0,0.023452225341689895,2.3372058485984275,0.8594802001076084,0.22134877947869255,0.5721386712258663,0.4380169369211457
frozenset({'RED HANGING HEART T-LIGHT HOLDER'}),frozenset({'WHITE HANGING HEART T-LIGHT HOLDER'}),0.0396214308630093,0.1206288097529676,0.026467757459095284,0.6680161943319839,5.537783185459558,1.0,0.021688271413380977,2.6488376096465496,0.8532284596423565,0.19784172661870503,0.6224759130728909,0.4437155439745026
frozenset({'WHITE HANGING HEART T-LIGHT HOLDER'}),frozenset({'RED HANGING HEART T-LIGHT HOLDER'}),0.1206288097529676,0.0396214308630093,0.026467757459095284,0.2194148936170213,5.537783185459558,1.0,0.021688271413380977,1.2303316592691942,0.9318275789636609,0.19784172661870503,0.18721103170344258,0.4437155439745026
frozenset({'JUMBO BAG RED RETROSPOT'}),frozenset({'JUMBO STORAGE BAG SUKI'}),0.111699283499091,0.06330873703347235,0.03871243717249492,0.3465773097175683,5.474399363461116,1.0,0.0316408966066237,1.4335150537267958,0.9201068323981122,0.28403295409964696,0.30241402251044425,0.4790318981020274
frozenset({'JUMBO STORAGE BAG SUKI'}),frozenset({'JUMBO BAG RED RETROSPOT'}),0.06330873703347235,0.111699283499091,0.03871243717249492,0.6114864864864865,5.474399363461116,1.0,0.0316408966066237,2.2864088007327745,0.8725730566634227,0.28403295409964696,0.562632894135332,0.4790318981020274
frozenset({'JUMBO BAG RED RETROSPOT'}),frozenset({'JUMBO BAG PINK VINTAGE PAISLEY'}),0.111699283499091,0.046251737782055394,0.027697572452144156,0.2479655337482049,5.361215505386045,1.0,0.022531286481300733,1.2682241373477317,0.9157654830019846,0.21264367816091953,0.21149584639563426,0.42340473219202157
frozenset({'JUMBO BAG PINK VINTAGE PAISLEY'}),frozenset({'JUMBO BAG RED RETROSPOT'}),0.046251737782055394,0.111699283499091,0.027697572452144156,0.5988439306358382,5.361215505386044,1.0,0.022531286481300733,2.2143519301823815,0.8529243689584555,0.21264367816091953,0.5484006013815353,0.42340473219202157
frozenset({'JUMBO BAG OWLS'}),frozenset({'JUMBO BAG RED RETROSPOT'}),0.03512993262752647,0.111699283499091,0.02090685488183082,0.5951293759512937,5.327960550043607,1.0,0.016982866577964773,2.1940359802296885,0.8418863327614468,0.1660297239915074,0.5442189603949373,0.3911501355582222
frozenset({'JUMBO BAG RED RETROSPOT'}),frozenset({'JUMBO BAG OWLS'}),0.111699283499091,0.03512993262752647,0.02090685488183082,0.18717089516515079,5.327960550043607,1.0,0.016982866577964773,1.1870515728746154,0.9144548771853551,0.1660297239915074,0.157576618530266,0.3911501355582222
frozenset({'JUMBO BAG RED RETROSPOT'}),frozenset({'JUMBO STORAGE BAG SKULLS'}),0.111699283499091,0.03769650304780237,0.02213666987487969,0.19818094782192436,5.257276717965432,1.0,0.017925997494018867,1.2001504508257557,0.911614093031736,0.1739495798319328,0.16677113330919763,0.3927074951875579
frozenset({'JUMBO STORAGE BAG SKULLS'}),frozenset({'JUMBO BAG RED RETROSPOT'}),0.03769650304780237,0.111699283499091,0.02213666987487969,0.5872340425531914,5.257276717965432,1.0,0.017925997494018867,2.152068746161996,0.8415094142099367,0.1739495798319328,0.5353308290994876,0.3927074951875579
frozenset({'JUMBO SHOPPER VINTAGE RED PAISLEY'}),frozenset({'JUMBO BAG RED RETROSPOT'}),0.06282750507967062,0.111699283499091,0.03635974762057534,0.5787234042553191,5.181084301763034,1.0,0.02934196031914063,2.108592609875895,0.8610903681378981,0.2631578947368421,0.5257500214520543,0.45211900227126894
frozenset({'JUMBO BAG RED RETROSPOT'}),frozenset({'JUMBO SHOPPER VINTAGE RED PAISLEY'}),0.111699283499091,0.06282750507967062,0.03635974762057534,0.3255146002872188,5.181084301763034,1.0,0.02934196031914063,1.3894629821778341,0.9084651105972997,0.2631578947368421,0.28029748699558205,0.45211900227126894
frozenset({'REGENCY CAKESTAND 3 TIER'}),"frozenset({'GREEN REGENCY TEACUP AND SAUCER', 'ROSES REGENCY TEACUP AND SAUCER '})",0.10629879157309378,0.04101165650732542,0.021815848572345205,0.2052313883299799,5.004220892499719,1.0,0.017456359045205705,1.2066258397869856,0.8953425213569932,0.17383894333191308,0.17124267769987644,0.3685870109837644
"frozenset({'GREEN REGENCY TEACUP AND SAUCER', 'ROSES REGENCY TEACUP AND SAUCER '})",frozenset({'REGENCY CAKESTAND 3 TIER'}),0.04101165650732542,0.10629879157309378,0.021815848572345205,0.5319426336375489,5.004220892499718,1.0,0.017456359045205705,1.9093839188396577,0.8343883413415547,0.17383894333191308,0.4762708588183223,0.3685870109837644
frozenset({'JUMBO BAG RED RETROSPOT'}),frozenset({'JUMBO BAG APPLES'}),0.111699283499091,0.05229387231312159,0.029194738530638434,0.2613690761129727,4.9980822714364175,1.0,0.0233535504618698,1.2830577451314902,0.900509530799063,0.2165807219357398,0.22061185180911844,0.40982564235096486
frozenset({'JUMBO BAG APPLES'}),frozenset({'JUMBO BAG RED RETROSPOT'}),0.05229387231312159,0.111699283499091,0.029194738530638434,0.558282208588957,4.9980822714364175,1.0,0.0233535504618698,2.0110141220784468,0.8440625612257299,0.2165807219357398,0.5027384497099064,0.40982564235096486
frozenset({'RECYCLING BAG RETROSPOT '}),frozenset({'JUMBO BAG RED RETROSPOT'}),0.039995722382632874,0.111699283499091,0.022190140091968773,0.5548128342245989,4.967022319611512,1.0,0.017722646558800126,1.995342149978018,0.8319464333886734,0.171345995045417,0.4988328192179889,0.3767362399940611
frozenset({'JUMBO BAG RED RETROSPOT'}),frozenset({'RECYCLING BAG RETROSPOT '}),0.111699283499091,0.039995722382632874,0.022190140091968773,0.1986596457635232,4.967022319611512,1.0,0.017722646558800126,1.1979981696192832,0.8991010813856763,0.171345995045417,0.16527418375122038,0.3767362399940611
frozenset({'PINK REGENCY TEACUP AND SAUCER'}),frozenset({'REGENCY CAKESTAND 3 TIER'}),0.04090471607314726,0.10629879157309378,0.020960325098919902,0.5124183006535947,4.820546810273405,1.0,0.016612203210703842,1.8329260709023678,0.8263565335818222,0.1660313426514189,0.4544242586348886,0.354800699622572
frozenset({'REGENCY CAKESTAND 3 TIER'}),frozenset({'PINK REGENCY TEACUP AND SAUCER'}),0.10629879157309378,0.04090471607314726,0.020960325098919902,0.1971830985915493,4.820546810273405,1.0,0.016612203210703842,1.1946625466457288,0.886822851672678,0.1660313426514189,0.16294354183303533,0.354800699622572
frozenset({'RECIPE BOX PANTRY YELLOW DESIGN'}),frozenset({'SET OF 3 CAKE TINS PANTRY DESIGN '}),0.05940541118596941,0.07405625066837772,0.021067265533098064,0.35463546354635467,4.788731003064205,1.0,0.01666792351125186,1.4347608166072976,0.8411449728994435,0.1874405328258801,0.30301971699739705,0.3195559989211918
frozenset({'SET OF 3 CAKE TINS PANTRY DESIGN '}),frozenset({'RECIPE BOX PANTRY YELLOW DESIGN'}),0.07405625066837772,0.05940541118596941,0.021067265533098064,0.28447653429602887,4.788731003064205,1.0,0.01666792351125186,1.314554495971173,0.8544540750865688,0.1874405328258801,0.23928600673096082,0.3195559989211918
frozenset({'REGENCY CAKESTAND 3 TIER'}),frozenset({'GREEN REGENCY TEACUP AND SAUCER'}),0.10629879157309378,0.054165329911239436,0.027216340498342425,0.256036217303823,4.726939127360413,1.0,0.02145863138361972,1.2713450467454064,0.8822261868631005,0.20425361155698235,0.21343147357205594,0.3792520671909046
frozenset({'GREEN REGENCY TEACUP AND SAUCER'}),frozenset({'REGENCY CAKESTAND 3 TIER'}),0.054165329911239436,0.10629879157309378,0.027216340498342425,0.5024679170779862,4.726939127360412,1.0,0.02145863138361972,1.7962685002707461,0.8335987612205248,0.20425361155698235,0.44329035450475635,0.3792520671909046
frozenset({'SPOTTY BUNTING'}),frozenset({'PARTY BUNTING'}),0.060956047481552776,0.09009731579510213,0.02582611485402631,0.42368421052631583,4.702517569889115,1.0,0.020334138594459608,1.5788265753326998,0.8384569733777262,0.20623398804440649,0.36661821150985247,0.35516554739965644
frozenset({'PARTY BUNTING'}),frozenset({'SPOTTY BUNTING'}),0.09009731579510213,0.060956047481552776,0.02582611485402631,0.286646884272997,4.702517569889114,1.0,0.020334138594459608,1.3163802495786885,0.8653100644331919,0.20623398804440649,0.2403410790156924,0.35516554739965644
frozenset({'REGENCY CAKESTAND 3 TIER'}),frozenset({'ROSES REGENCY TEACUP AND SAUCER '}),0.10629879157309378,0.05694578119987167,0.028071863971767724,0.2640845070422535,4.637472723665939,1.0,0.022018596245035563,1.2814708044939542,0.8776594471700371,0.2076740506329114,0.21964667747940267,0.3785211267605634
frozenset({'ROSES REGENCY TEACUP AND SAUCER '}),frozenset({'REGENCY CAKESTAND 3 TIER'}),0.05694578119987167,0.10629879157309378,0.028071863971767724,0.49295774647887325,4.637472723665939,1.0,0.022018596245035563,1.7625773832863985,0.8317287520553381,0.2076740506329114,0.43264902325283516,0.3785211267605634
frozenset({'LUNCH BAG RED RETROSPOT'}),frozenset({'RED RETROSPOT CHARLOTTE BAG'}),0.08362741952732328,0.05518126403593199,0.021067265533098064,0.25191815856777494,4.565284303812526,1.0,0.016452598815517184,1.262988464143421,0.8522249662785165,0.17892824704813806,0.20822713081689456,0.3168505521521045
frozenset({'RED RETROSPOT CHARLOTTE BAG'}),frozenset({'LUNCH BAG RED RETROSPOT'}),0.05518126403593199,0.08362741952732328,0.021067265533098064,0.38178294573643407,4.5652843038125255,1.0,0.016452598815517184,1.4822829201376213,0.8265665801970129,0.17892824704813806,0.32536495805594523,0.3168505521521045
frozenset({'JAM MAKING SET WITH JARS'}),frozenset({'SET OF 3 CAKE TINS PANTRY DESIGN '}),0.06052828574484012,0.07405625066837772,0.020318682493850927,0.3356890459363958,4.532892806572184,1.0,0.01583618459220385,1.3938408567066443,0.8296048887158134,0.1778193729527375,0.2825579798523113,0.3050286384916636
frozenset({'SET OF 3 CAKE TINS PANTRY DESIGN '}),frozenset({'JAM MAKING SET WITH JARS'}),0.07405625066837772,0.06052828574484012,0.020318682493850927,0.2743682310469314,4.532892806572184,1.0,0.01583618459220385,1.2946948499934292,0.8417253505074113,0.1778193729527375,0.22761722578484414,0.3050286384916636
frozenset({'JUMBO BAG VINTAGE LEAF'}),frozenset({'JUMBO BAG RED RETROSPOT'}),0.04700032082130253,0.111699283499091,0.022724842262859587,0.4835039817974972,4.328622052454185,1.0,0.017474940102892685,1.719859757278192,0.8069043634959454,0.16712544239087693,0.41855724237505526,0.34347530348850447
frozenset({'JUMBO BAG RED RETROSPOT'}),frozenset({'JUMBO BAG VINTAGE LEAF'}),0.111699283499091,0.04700032082130253,0.022724842262859587,0.20344662517951173,4.328622052454185,1.0,0.017474940102892685,1.196404044353545,0.8656748612886435,0.16712544239087693,0.1641619695958721,0.34347530348850447
frozenset({'JUMBO BAG ALPHABET'}),frozenset({'JUMBO BAG RED RETROSPOT'}),0.04844401668270773,0.111699283499091,0.02213666987487969,0.45695364238410596,4.090927247423433,1.0,0.016725507921603225,1.6357732706297228,0.7940222684791566,0.16040294459511817,0.38866833322503763,0.3275672951030152
frozenset({'JUMBO BAG RED RETROSPOT'}),frozenset({'JUMBO BAG ALPHABET'}),0.111699283499091,0.04844401668270773,0.02213666987487969,0.19818094782192436,4.090927247423432,1.0,0.016725507921603225,1.1867465368058647,0.85056403357943,0.16040294459511817,0.15736008575891375,0.3275672951030152
frozenset({'RED RETROSPOT CHARLOTTE BAG'}),frozenset({'JUMBO BAG RED RETROSPOT'}),0.05518126403593199,0.111699283499091,0.022724842262859587,0.4118217054263566,3.6868786667705704,1.0,0.016561134607471825,1.5102575608384485,0.77133086986917,0.15764094955489616,0.33786128543211463,0.3076341653029342
frozenset({'JUMBO BAG RED RETROSPOT'}),frozenset({'RED RETROSPOT CHARLOTTE BAG'}),0.111699283499091,0.05518126403593199,0.022724842262859587,0.20344662517951173,3.68687866677057,1.0,0.016561134607471825,1.1861336174452755,0.8204066978022172,0.15764094955489616,0.15692466237165978,0.3076341653029342
frozenset({'LUNCH BAG RED RETROSPOT'}),frozenset({'JUMBO BAG RED RETROSPOT'}),0.08362741952732328,0.111699283499091,0.03095925569457812,0.3702046035805627,3.3142970302363253,1.0,0.021618132852498216,1.410459208738499,0.7620010758949347,0.18835393623942745,0.29101104533580224,0.32368535588314873
frozenset({'JUMBO BAG RED RETROSPOT'}),frozenset({'LUNCH BAG RED RETROSPOT'}),0.111699283499091,0.08362741952732328,0.03095925569457812,0.2771661081857348,3.314297030236325,1.0,0.021618132852498216,1.267749881196968,0.7860816492317697,0.18835393623942745,0.21120087263914178,0.32368535588314873
frozenset({'WHITE HANGING HEART T-LIGHT HOLDER'}),frozenset({'WOODEN PICTURE FRAME WHITE FINISH'}),0.1206288097529676,0.05881723879798952,0.021815848572345205,0.18085106382978725,3.074796905222437,1.0,0.014720795063187662,1.1489763578310257,0.767338383729997,0.1383989145183175,0.12966007247725717,0.2758800773694391
frozenset({'WOODEN PICTURE FRAME WHITE FINISH'}),frozenset({'WHITE HANGING HEART T-LIGHT HOLDER'}),0.05881723879798952,0.1206288097529676,0.021815848572345205,0.3709090909090909,3.074796905222437,1.0,0.014720795063187662,1.3978443775603115,0.7169439301683632,0.1383989145183175,0.2846127823289443,0.2758800773694391
frozenset({'WHITE HANGING HEART T-LIGHT HOLDER'}),frozenset({'NATURAL SLATE HEART CHALKBOARD '}),0.1206288097529676,0.06678430114426265,0.022190140091968773,0.18395390070921985,2.7544482394426177,1.0,0.014134029334752619,1.1435820839861726,0.7243253935112944,0.13430420711974111,0.1255546812045969,0.25810985667966996
frozenset({'NATURAL SLATE HEART CHALKBOARD '}),frozenset({'WHITE HANGING HEART T-LIGHT HOLDER'}),0.06678430114426265,0.1206288097529676,0.022190140091968773,0.33226581265012006,2.7544482394426177,1.0,0.014134029334752619,1.3169479815570067,0.6825333995122183,0.13430420711974111,0.24066856549814825,0.25810985667966996
frozenset({'WHITE HANGING HEART T-LIGHT HOLDER'}),frozenset({'HEART OF WICKER SMALL'}),0.1206288097529676,0.06421773072398675,0.02090685488183082,0.17331560283687944,2.6988746080393997,1.0,0.01316034645955972,1.1319704018695367,0.7158242133520445,0.12752772341813437,0.11658467540456655,0.24943881723858957
frozenset({'HEART OF WICKER SMALL'}),frozenset({'WHITE HANGING HEART T-LIGHT HOLDER'}),0.06421773072398675,0.1206288097529676,0.02090685488183082,0.3255620316402997,2.6988746080393993,1.0,0.01316034645955972,1.3038577771440565,0.6726727051475757,0.12752772341813437,0.23304518519621092,0.24943881723858957
frozenset({'LUNCH BAG  BLACK SKULL.'}),frozenset({'JUMBO BAG RED RETROSPOT'}),0.0680675863544006,0.111699283499091,0.0201048016254946,0.2953652788688138,2.6442898254689116,1.0,0.012501701000195549,1.2606541940977225,0.6672443396491297,0.12592096450100468,0.20676105732887232,0.2376778524549909
frozenset({'JUMBO BAG RED RETROSPOT'}),frozenset({'LUNCH BAG  BLACK SKULL.'}),0.111699283499091,0.0680675863544006,0.0201048016254946,0.17999042604116802,2.644289825468911,1.0,0.012501701000195549,1.1364896743173714,0.7000181542012087,0.12592096450100468,0.12009759296700466,0.2376778524549909
frozenset({'REGENCY CAKESTAND 3 TIER'}),frozenset({'PARTY BUNTING'}),0.10629879157309378,0.09009731579510213,0.021120735750187147,0.19869215291750505,2.205306020096842,1.0,0.011543499957188374,1.1355219938476693,0.6115558396432612,0.12050030506406346,0.1193477489488852,0.21655675895133414
frozenset({'PARTY BUNTING'}),frozenset({'REGENCY CAKESTAND 3 TIER'}),0.09009731579510213,0.10629879157309378,0.021120735750187147,0.2344213649851632,2.205306020096842,1.0,0.011543499957188374,1.1673539040304939,0.6006666453427436,0.12050030506406346,0.14336175469382084,0.21655675895133414
frozenset({'WHITE HANGING HEART T-LIGHT HOLDER'}),frozenset({'PARTY BUNTING'}),0.1206288097529676,0.09009731579510213,0.020799914447652657,0.1724290780141844,1.913809268261885,1.0,0.009931582481352239,1.0994860501158272,0.5429810485168097,0.10951576576576576,0.09048414039027304,0.2016448060694067
frozenset({'PARTY BUNTING'}),frozenset({'WHITE HANGING HEART T-LIGHT HOLDER'}),0.09009731579510213,0.1206288097529676,0.020799914447652657,0.23086053412462906,1.913809268261885,1.0,0.009931582481352239,1.1433182527517356,0.5247614928546426,0.10951576576576576,0.12535289488014184,0.2016448060694067
frozenset({'JUMBO BAG RED RETROSPOT'}),frozenset({'WHITE HANGING HEART T-LIGHT HOLDER'}),0.111699283499091,0.1206288097529676,0.023847716821730296,0.21349928195308762,1.769886334701527,1.0,0.010373565202975655,1.118080594294614,0.48968998561016697,0.11438830469351115,0.10561009188171257,0.20559715870704026
frozenset({'WHITE HANGING HEART T-LIGHT HOLDER'}),frozenset({'JUMBO BAG RED RETROSPOT'}),0.1206288097529676,0.111699283499091,0.023847716821730296,0.1976950354609929,1.7698863347015268,1.0,0.010373565202975655,1.1071858654287572,0.4946625155625504,0.11438830469351115,0.09680927907009507,0.20559715870704026
